{"cameraMode":{"drawMode":0,"name":"Shaded","section":"Shading Mode"},"sceneLighting":false,"audioPlay":false,"sceneViewState":{"showFog":true,"showMaterialUpdate":false,"showSkybox":true,"showFlares":true,"showImageEffects":true,"showParticleSystems":true},"in2DMode":false,"pivot":{"x":0.5045309066772461,"y":0.05427885055541992,"z":-0.06066465377807617},"rotation":{"x":-0.07499094307422638,"y":0.9028542041778565,"z":-0.1758001297712326,"w":-0.3851298689842224},"size":33.817569732666019,"orthographic":false}